GO.ID	Description	p.Val	FDR	Phenotype
EUKARYOTIC TRANSLATION ELONGATION%REACTOME DATABASE ID RELEASE 56%156842	EUKARYOTIC TRANSLATION ELONGATION	4.954680933301474e-7	7.065375010887903e-5	-1
SENESCENCE-ASSOCIATED SECRETORY PHENOTYPE (SASP)%REACTOME%R-HSA-2559582.1	SENESCENCE-ASSOCIATED SECRETORY PHENOTYPE (SASP)	7.524588376322194e-6	3.155900889598661e-4	-1
PURINE NUCLEOSIDE METABOLIC PROCESS%GOBP%GO:0042278	PURINE NUCLEOSIDE METABOLIC PROCESS	1.9752749021961418e-8	1.4083710052658491e-5	-1
PURINE RIBONUCLEOSIDE METABOLIC PROCESS%GOBP%GO:0046128	PURINE RIBONUCLEOSIDE METABOLIC PROCESS	1.9752749021961418e-8	1.4083710052658491e-5	-1
PEPTIDE CHAIN ELONGATION%REACTOME DATABASE ID RELEASE 56%156902	PEPTIDE CHAIN ELONGATION	2.782227990174858e-6	1.6086021812136204e-4	-1
EUKARYOTIC TRANSLATION TERMINATION%REACTOME DATABASE ID RELEASE 56%72764	EUKARYOTIC TRANSLATION TERMINATION	1.5879314176323167e-6	1.399806257521907e-4	-1
RIBONUCLEOSIDE METABOLIC PROCESS%GOBP%GO:0009119	RIBONUCLEOSIDE METABOLIC PROCESS	8.964545962489275e-8	3.195860635627427e-5	-1
ATP METABOLIC PROCESS%GOBP%GO:0046034	ATP METABOLIC PROCESS	5.704881906283393e-7	7.249670265375746e-5	-1
SRP-DEPENDENT COTRANSLATIONAL PROTEIN TARGETING TO MEMBRANE%REACTOME DATABASE ID RELEASE 56%1799339	SRP-DEPENDENT COTRANSLATIONAL PROTEIN TARGETING TO MEMBRANE	1.826484605093426e-6	1.399806257521907e-4	-1
VIRAL MRNA TRANSLATION%REACTOME%R-HSA-192823.1	VIRAL MRNA TRANSLATION	6.363427400843642e-6	2.8357023355009476e-4	-1
PURINE RIBONUCLEOSIDE TRIPHOSPHATE METABOLIC PROCESS%GOBP%GO:0009205	PURINE RIBONUCLEOSIDE TRIPHOSPHATE METABOLIC PROCESS	6.609096314858674e-7	7.249670265375746e-5	-1
RIBONUCLEOSIDE TRIPHOSPHATE METABOLIC PROCESS%GOBP%GO:0009199	RIBONUCLEOSIDE TRIPHOSPHATE METABOLIC PROCESS	6.609096314858674e-7	7.249670265375746e-5	-1
RESPIRATORY ELECTRON TRANSPORT, ATP SYNTHESIS BY CHEMIOSMOTIC COUPLING, AND HEAT PRODUCTION BY UNCOUPLING PROTEINS.%REACTOME%R-HSA-163200.1	RESPIRATORY ELECTRON TRANSPORT, ATP SYNTHESIS BY CHEMIOSMOTIC COUPLING, AND HEAT PRODUCTION BY UNCOUPLING PROTEINS.	8.153905928635512e-6	3.2298527372872895e-4	-1
SELENOCYSTEINE SYNTHESIS%REACTOME%R-HSA-2408557.1	SELENOCYSTEINE SYNTHESIS	9.769955290190326e-6	3.753976768212341e-4	-1
PURINE RIBONUCLEOTIDE METABOLIC PROCESS%GOBP%GO:0009150	PURINE RIBONUCLEOTIDE METABOLIC PROCESS	3.721855232604919e-7	6.634206952118268e-5	-1
PROTEIN TARGETING TO ER%GOBP%GO:0045047	PROTEIN TARGETING TO ER	2.9232358554270964e-6	1.6086021812136204e-4	-1
SRP-DEPENDENT COTRANSLATIONAL PROTEIN TARGETING TO MEMBRANE%GOBP%GO:0006614	SRP-DEPENDENT COTRANSLATIONAL PROTEIN TARGETING TO MEMBRANE	8.041137673683438e-6	3.2298527372872895e-4	-1
NUCLEOSIDE METABOLIC PROCESS%GOBP%GO:0009116	NUCLEOSIDE METABOLIC PROCESS	5.6896861467749185e-8	2.704497481767011e-5	-1
PURINE NUCLEOSIDE TRIPHOSPHATE METABOLIC PROCESS%GOBP%GO:0009144	PURINE NUCLEOSIDE TRIPHOSPHATE METABOLIC PROCESS	1.9654322594154558e-6	1.4013532009632198e-4	-1
PROTEIN TARGETING TO MEMBRANE%GOBP%GO:0006612	PROTEIN TARGETING TO MEMBRANE	9.118769640037095e-7	8.668910337795264e-5	-1
RIBOSE PHOSPHATE METABOLIC PROCESS%GOBP%GO:0019693	RIBOSE PHOSPHATE METABOLIC PROCESS	2.6766424003325e-7	5.452702946963064e-5	-1
NONSENSE MEDIATED DECAY (NMD) INDEPENDENT OF THE EXON JUNCTION COMPLEX (EJC)%REACTOME DATABASE ID RELEASE 56%975956	NONSENSE MEDIATED DECAY (NMD) INDEPENDENT OF THE EXON JUNCTION COMPLEX (EJC)	2.7903293979813637e-5	8.842243825603166e-4	-1
CELLULAR SENESCENCE%REACTOME%R-HSA-2559583.1	CELLULAR SENESCENCE	4.0058888910018725e-6	1.9788043830335918e-4	-1
RIBONUCLEOTIDE METABOLIC PROCESS%GOBP%GO:0009259	RIBONUCLEOTIDE METABOLIC PROCESS	4.927653889188163e-7	7.065375010887903e-5	-1
PURINE NUCLEOSIDE MONOPHOSPHATE METABOLIC PROCESS%GOBP%GO:0009126	PURINE NUCLEOSIDE MONOPHOSPHATE METABOLIC PROCESS	1.865099501607029e-6	1.399806257521907e-4	-1
PURINE RIBONUCLEOSIDE MONOPHOSPHATE METABOLIC PROCESS%GOBP%GO:0009167	PURINE RIBONUCLEOSIDE MONOPHOSPHATE METABOLIC PROCESS	1.865099501607029e-6	1.399806257521907e-4	-1
RIBONUCLEOSIDE MONOPHOSPHATE METABOLIC PROCESS%GOBP%GO:0009161	RIBONUCLEOSIDE MONOPHOSPHATE METABOLIC PROCESS	2.0823861770917056e-6	1.414039375491796e-4	-1
OXIDATIVE STRESS INDUCED SENESCENCE%REACTOME%R-HSA-2559580.1	OXIDATIVE STRESS INDUCED SENESCENCE	5.34479704716828e-5	0.0014657078056273013	-1
PROTEIN LOCALIZATION TO ENDOPLASMIC RETICULUM%GOBP%GO:0070972	PROTEIN LOCALIZATION TO ENDOPLASMIC RETICULUM	1.3245949809248178e-5	4.7221811069969756e-4	-1
OXIDATIVE PHOSPHORYLATION%GOBP%GO:0006119	OXIDATIVE PHOSPHORYLATION	7.022806124868462e-5	0.0017569336024670925	-1
COTRANSLATIONAL PROTEIN TARGETING TO MEMBRANE%GOBP%GO:0006613	COTRANSLATIONAL PROTEIN TARGETING TO MEMBRANE	1.0003584655825313e-5	3.753976768212341e-4	-1
NUCLEOSIDE MONOPHOSPHATE METABOLIC PROCESS%GOBP%GO:0009123	NUCLEOSIDE MONOPHOSPHATE METABOLIC PROCESS	2.9329352532646654e-6	1.6086021812136204e-4	-1
GLYCOSYL COMPOUND METABOLIC PROCESS%GOBP%GO:1901657	GLYCOSYL COMPOUND METABOLIC PROCESS	1.4779967008124953e-7	4.2152465907172365e-5	-1
ESTABLISHMENT OF PROTEIN LOCALIZATION TO ENDOPLASMIC RETICULUM%GOBP%GO:0072599	ESTABLISHMENT OF PROTEIN LOCALIZATION TO ENDOPLASMIC RETICULUM	6.725240816660555e-5	0.0017436715281014456	-1
NUCLEOSIDE TRIPHOSPHATE METABOLIC PROCESS%GOBP%GO:0009141	NUCLEOSIDE TRIPHOSPHATE METABOLIC PROCESS	4.04832415467774e-6	1.9788043830335918e-4	-1
ATP SYNTHESIS COUPLED ELECTRON TRANSPORT%GOBP%GO:0042773	ATP SYNTHESIS COUPLED ELECTRON TRANSPORT	5.179228308051575e-4	0.008240535082043568	-1
MITOCHONDRIAL ATP SYNTHESIS COUPLED ELECTRON TRANSPORT%GOBP%GO:0042775	MITOCHONDRIAL ATP SYNTHESIS COUPLED ELECTRON TRANSPORT	5.179228308051575e-4	0.008240535082043568	-1
ELECTRON TRANSPORT CHAIN%GOBP%GO:0022900	ELECTRON TRANSPORT CHAIN	5.324912226206425e-4	0.008296083487129858	-1
INFLUENZA LIFE CYCLE%REACTOME DATABASE ID RELEASE 56%168255	INFLUENZA LIFE CYCLE	2.0512657695044608e-5	6.802569737938049e-4	-1
PURINE NUCLEOTIDE METABOLIC PROCESS%GOBP%GO:0006163	PURINE NUCLEOTIDE METABOLIC PROCESS	3.4742562766264814e-6	1.8349220186923565e-4	-1
DEGRADATION OF BETA-CATENIN BY THE DESTRUCTION COMPLEX%REACTOME DATABASE ID RELEASE 56%195253	DEGRADATION OF BETA-CATENIN BY THE DESTRUCTION COMPLEX	2.7374978601105344e-4	0.005347495819887154	-1
NONSENSE MEDIATED DECAY (NMD) ENHANCED BY THE EXON JUNCTION COMPLEX (EJC)%REACTOME%R-HSA-975957.1	NONSENSE MEDIATED DECAY (NMD) ENHANCED BY THE EXON JUNCTION COMPLEX (EJC)	2.356465821111208e-4	0.0049169892791201125	-1
NONSENSE-MEDIATED DECAY (NMD)%REACTOME%R-HSA-927802.1	NONSENSE-MEDIATED DECAY (NMD)	2.356465821111208e-4	0.0049169892791201125	-1
TRANSLATION%REACTOME DATABASE ID RELEASE 56%72766	TRANSLATION	2.4088756295561063e-5	7.806946926697744e-4	-1
RHO GTPASE EFFECTORS%REACTOME DATABASE ID RELEASE 56%195258	RHO GTPASE EFFECTORS	2.767122510852422e-6	1.6086021812136204e-4	-1
RESPIRATORY ELECTRON TRANSPORT CHAIN%GOBP%GO:0022904	RESPIRATORY ELECTRON TRANSPORT CHAIN	4.8536939527998315e-4	0.008048101833363441	-1
FORMATION OF A POOL OF FREE 40S SUBUNITS%REACTOME DATABASE ID RELEASE 56%72689	FORMATION OF A POOL OF FREE 40S SUBUNITS	2.3086192145677399e-4	0.0049169892791201125	-1
GENERATION OF PRECURSOR METABOLITES AND ENERGY%GOBP%GO:0006091	GENERATION OF PRECURSOR METABOLITES AND ENERGY	7.457071267090023e-6	3.155900889598661e-4	-1
SELENOAMINO ACID METABOLISM%REACTOME%R-HSA-2408522.1	SELENOAMINO ACID METABOLISM	2.158388597972915e-4	0.004735172524168272	-1
VIRAL TRANSCRIPTION%GOBP%GO:0019083	VIRAL TRANSCRIPTION	1.1343313566118577e-4	0.00274162121106527	-1
TCF DEPENDENT SIGNALING IN RESPONSE TO WNT%REACTOME DATABASE ID RELEASE 56%201681	TCF DEPENDENT SIGNALING IN RESPONSE TO WNT	3.0499902420607896e-5	9.115567819092869e-4	-1
SIGNALING BY WNT%REACTOME DATABASE ID RELEASE 56%195721	SIGNALING BY WNT	2.6625688396346922e-6	1.6086021812136204e-4	-1
RESPIRATORY ELECTRON TRANSPORT%REACTOME DATABASE ID RELEASE 56%611105	RESPIRATORY ELECTRON TRANSPORT	2.8310852894821223e-4	0.005455577868650684	-1
APC C:CDC20 MEDIATED DEGRADATION OF MITOTIC PROTEINS%REACTOME%R-HSA-176409.1	APC C:CDC20 MEDIATED DEGRADATION OF MITOTIC PROTEINS	0.0011436459702301833	0.014181210030854274	-1
INFLUENZA VIRAL RNA TRANSCRIPTION AND REPLICATION%REACTOME%R-HSA-168273.1	INFLUENZA VIRAL RNA TRANSCRIPTION AND REPLICATION	1.6387680087831102e-4	0.0037691664202011534	-1
ACTIVATION OF APC C AND APC C:CDC20 MEDIATED DEGRADATION OF MITOTIC PROTEINS%REACTOME%R-HSA-176814.1	ACTIVATION OF APC C AND APC C:CDC20 MEDIATED DEGRADATION OF MITOTIC PROTEINS	7.014011780361523e-4	0.010206102855913808	-1
INFECTIOUS DISEASE%REACTOME%R-HSA-5663205.1	INFECTIOUS DISEASE	8.061531843092889e-7	8.211246005893186e-5	-1
GLUCOSE METABOLISM%REACTOME DATABASE ID RELEASE 56%70326	GLUCOSE METABOLISM	0.0013163891374058162	0.015094257985482806	-1
REGULATION OF ESTABLISHMENT OF PLANAR POLARITY%GOBP%GO:0090175	REGULATION OF ESTABLISHMENT OF PLANAR POLARITY	0.0012192572589812562	0.014626014627158505	-1
ANTIGEN PROCESSING AND PRESENTATION OF EXOGENOUS PEPTIDE ANTIGEN VIA MHC CLASS I%GOBP%GO:0042590	ANTIGEN PROCESSING AND PRESENTATION OF EXOGENOUS PEPTIDE ANTIGEN VIA MHC CLASS I	0.0019946489812959355	0.018735066912309455	-1
RNA POLYMERASE I PROMOTER CLEARANCE%REACTOME DATABASE ID RELEASE 56%73854	RNA POLYMERASE I PROMOTER CLEARANCE	0.002534588353323238	0.02138652657892862	-1
ANTIGEN PROCESSING AND PRESENTATION OF EXOGENOUS PEPTIDE ANTIGEN VIA MHC CLASS I, TAP-DEPENDENT%GOBP%GO:0002479	ANTIGEN PROCESSING AND PRESENTATION OF EXOGENOUS PEPTIDE ANTIGEN VIA MHC CLASS I, TAP-DEPENDENT	0.00213059042021557	0.018988887120171268	-1
REGULATION OF ENDOCYTOSIS%GOBP%GO:0030100	REGULATION OF ENDOCYTOSIS	8.0017654493355e-4	0.011186781892894532	-1
WNT SIGNALING PATHWAY, PLANAR CELL POLARITY PATHWAY%GOBP%GO:0060071	WNT SIGNALING PATHWAY, PLANAR CELL POLARITY PATHWAY	0.0014111955416019968	0.01584539245924762	-1
RNA POLYMERASE I TRANSCRIPTION%REACTOME%R-HSA-73864.1	RNA POLYMERASE I TRANSCRIPTION	0.001220543997638052	0.014626014627158505	-1
APC:CDC20 MEDIATED DEGRADATION OF CELL CYCLE PROTEINS PRIOR TO SATISFATION OF THE CELL CYCLE CHECKPOINT%REACTOME%R-HSA-179419.1	APC:CDC20 MEDIATED DEGRADATION OF CELL CYCLE PROTEINS PRIOR TO SATISFATION OF THE CELL CYCLE CHECKPOINT	0.0015757539126909734	0.01653319986870253	-1
CDC20:PHOSPHO-APC C MEDIATED DEGRADATION OF CYCLIN A%REACTOME%R-HSA-174184.1	CDC20:PHOSPHO-APC C MEDIATED DEGRADATION OF CYCLIN A	0.0015757539126909734	0.01653319986870253	-1
THE CITRIC ACID (TCA) CYCLE AND RESPIRATORY ELECTRON TRANSPORT%REACTOME DATABASE ID RELEASE 56%1428517	THE CITRIC ACID (TCA) CYCLE AND RESPIRATORY ELECTRON TRANSPORT	2.88543036172413e-4	0.0054861649277581455	-1
PURINE-CONTAINING COMPOUND METABOLIC PROCESS%GOBP%GO:0072521	PURINE-CONTAINING COMPOUND METABOLIC PROCESS	2.9890968526742944e-5	9.115567819092869e-4	-1
FC-GAMMA RECEPTOR SIGNALING PATHWAY INVOLVED IN PHAGOCYTOSIS%GOBP%GO:0038096	FC-GAMMA RECEPTOR SIGNALING PATHWAY INVOLVED IN PHAGOCYTOSIS	0.002195442216966525	0.019206752155793035	-1
IMMUNE RESPONSE-REGULATING CELL SURFACE RECEPTOR SIGNALING PATHWAY INVOLVED IN PHAGOCYTOSIS%GOBP%GO:0002433	IMMUNE RESPONSE-REGULATING CELL SURFACE RECEPTOR SIGNALING PATHWAY INVOLVED IN PHAGOCYTOSIS	0.002195442216966525	0.019206752155793035	-1
FCGAMMA RECEPTOR (FCGR) DEPENDENT PHAGOCYTOSIS%REACTOME%R-HSA-2029480.1	FCGAMMA RECEPTOR (FCGR) DEPENDENT PHAGOCYTOSIS	0.0015248078512198951	0.01653319986870253	-1
NEGATIVE REGULATION OF PEPTIDASE ACTIVITY%GOBP%GO:0010466	NEGATIVE REGULATION OF PEPTIDASE ACTIVITY	0.0019446281990357346	0.018735066912309455	-1
3' -UTR-MEDIATED TRANSLATIONAL REGULATION%REACTOME%R-HSA-157279.1	3' -UTR-MEDIATED TRANSLATIONAL REGULATION	3.4495102806262695e-4	0.006148752075216325	-1
L13A-MEDIATED TRANSLATIONAL SILENCING OF CERULOPLASMIN EXPRESSION%REACTOME DATABASE ID RELEASE 56%156827	L13A-MEDIATED TRANSLATIONAL SILENCING OF CERULOPLASMIN EXPRESSION	3.4495102806262695e-4	0.006148752075216325	-1
CELLULAR RESPONSES TO STRESS%REACTOME DATABASE ID RELEASE 56%2262752	CELLULAR RESPONSES TO STRESS	4.1629825730019465e-6	1.9788043830335918e-4	-1
FC RECEPTOR MEDIATED STIMULATORY SIGNALING PATHWAY%GOBP%GO:0002431	FC RECEPTOR MEDIATED STIMULATORY SIGNALING PATHWAY	0.0039043451304436923	0.027119002455530557	-1
FC-GAMMA RECEPTOR SIGNALING PATHWAY%GOBP%GO:0038094	FC-GAMMA RECEPTOR SIGNALING PATHWAY	0.0039043451304436923	0.027119002455530557	-1
GTP HYDROLYSIS AND JOINING OF THE 60S RIBOSOMAL SUBUNIT%REACTOME%R-HSA-72706.1	GTP HYDROLYSIS AND JOINING OF THE 60S RIBOSOMAL SUBUNIT	8.735754403491014e-4	0.011642229700353446	-1
ANAPHASE-PROMOTING COMPLEX-DEPENDENT CATABOLIC PROCESS%GOBP%GO:0031145	ANAPHASE-PROMOTING COMPLEX-DEPENDENT CATABOLIC PROCESS	0.002189123714942222	0.019206752155793035	-1
ROLE OF LAT2 NTAL LAB ON CALCIUM MOBILIZATION%REACTOME DATABASE ID RELEASE 56%2730905	ROLE OF LAT2 NTAL LAB ON CALCIUM MOBILIZATION	0.003438360427272294	0.025805799838369954	-1
NUCLEAR-TRANSCRIBED MRNA CATABOLIC PROCESS, NONSENSE-MEDIATED DECAY%GOBP%GO:0000184	NUCLEAR-TRANSCRIBED MRNA CATABOLIC PROCESS, NONSENSE-MEDIATED DECAY	5.200898719382336e-4	0.008240535082043568	-1
M PHASE%REACTOME DATABASE ID RELEASE 56%68886	M PHASE	4.2486354385105306e-5	0.0012364396194522484	-1
CHROMOSOME MAINTENANCE%REACTOME DATABASE ID RELEASE 56%73886	CHROMOSOME MAINTENANCE	0.002737562082959017	0.022556926613563358	-1
NEGATIVE REGULATION OF UBIQUITIN PROTEIN LIGASE ACTIVITY%GOBP%GO:1904667	NEGATIVE REGULATION OF UBIQUITIN PROTEIN LIGASE ACTIVITY	0.0019853107973419213	0.018735066912309455	-1
NUCLEOBASE-CONTAINING SMALL MOLECULE METABOLIC PROCESS%GOBP%GO:0055086	NUCLEOBASE-CONTAINING SMALL MOLECULE METABOLIC PROCESS	1.1532926085587316e-5	4.2169109225762854e-4	-1
SYNTHESIS OF DNA%REACTOME DATABASE ID RELEASE 56%69239	SYNTHESIS OF DNA	0.0011814516016910902	0.014399572512918757	-1
NUCLEOSIDE PHOSPHATE METABOLIC PROCESS%GOBP%GO:0006753	NUCLEOSIDE PHOSPHATE METABOLIC PROCESS	1.8613362730723553e-5	6.319679822383758e-4	-1
DOWNSTREAM SIGNALING EVENTS OF B CELL RECEPTOR (BCR)%REACTOME DATABASE ID RELEASE 56%1168372	DOWNSTREAM SIGNALING EVENTS OF B CELL RECEPTOR (BCR)	2.455508671319913e-4	0.0050022219504317084	-1
INFLUENZA INFECTION%REACTOME DATABASE ID RELEASE 56%168254	INFLUENZA INFECTION	4.966570556353316e-4	0.008140608750988309	-1
PI-3K CASCADE:FGFR1%REACTOME DATABASE ID RELEASE 56%5654689	PI-3K CASCADE:FGFR1	0.0029400169906924753	0.02290964059413918	-1
PI-3K CASCADE:FGFR2%REACTOME DATABASE ID RELEASE 56%5654695	PI-3K CASCADE:FGFR2	0.0029400169906924753	0.02290964059413918	-1
PI-3K CASCADE:FGFR3%REACTOME%R-HSA-5654710.1	PI-3K CASCADE:FGFR3	0.0029400169906924753	0.02290964059413918	-1
PI-3K CASCADE:FGFR4%REACTOME%R-HSA-5654720.1	PI-3K CASCADE:FGFR4	0.0029400169906924753	0.02290964059413918	-1
PI3K EVENTS IN ERBB4 SIGNALING%REACTOME%R-HSA-1250342.1	PI3K EVENTS IN ERBB4 SIGNALING	0.0029400169906924753	0.02290964059413918	-1
PIP3 ACTIVATES AKT SIGNALING%REACTOME DATABASE ID RELEASE 56%1257604	PIP3 ACTIVATES AKT SIGNALING	0.0029400169906924753	0.02290964059413918	-1
APC C-MEDIATED DEGRADATION OF CELL CYCLE PROTEINS%REACTOME%R-HSA-174143.1	APC C-MEDIATED DEGRADATION OF CELL CYCLE PROTEINS	0.002450556247650098	0.020925109036820596	-1
REGULATION OF MITOTIC CELL CYCLE%REACTOME%R-HSA-453276.1	REGULATION OF MITOTIC CELL CYCLE	0.002450556247650098	0.020925109036820596	-1
REGULATION OF ORGAN MORPHOGENESIS%GOBP%GO:2000027	REGULATION OF ORGAN MORPHOGENESIS	0.0020323629326229596	0.018735066912309455	-1
PI3K AKT ACTIVATION%REACTOME DATABASE ID RELEASE 56%198203	PI3K AKT ACTIVATION	0.00482230957971862	0.030763830982438196	-1
NEGATIVE REGULATION OF LIGASE ACTIVITY%GOBP%GO:0051352	NEGATIVE REGULATION OF LIGASE ACTIVITY	0.0025058739868759664	0.021270097055268618	-1
DISEASE%REACTOME DATABASE ID RELEASE 56%1643685	DISEASE	2.2560811098481338e-7	5.361952771072398e-5	-1
POSITIVE REGULATION OF APOPTOTIC SIGNALING PATHWAY%GOBP%GO:2001235	POSITIVE REGULATION OF APOPTOTIC SIGNALING PATHWAY	0.0018512326706195768	0.018332345752107754	-1
REGULATION OF UBIQUITIN PROTEIN LIGASE ACTIVITY%GOBP%GO:1904666	REGULATION OF UBIQUITIN PROTEIN LIGASE ACTIVITY	0.003272893808315637	0.024958003051647585	-1
NEGATIVE REGULATION OF UBIQUITIN-PROTEIN TRANSFERASE ACTIVITY%GOBP%GO:0051444	NEGATIVE REGULATION OF UBIQUITIN-PROTEIN TRANSFERASE ACTIVITY	0.004772595047968943	0.030763830982438196	-1
OXIDATION-REDUCTION PROCESS%GOBP%GO:0055114	OXIDATION-REDUCTION PROCESS	5.886429207565748e-5	0.0015837826509412748	-1
NEGATIVE REGULATION OF HYDROLASE ACTIVITY%GOBP%GO:0051346	NEGATIVE REGULATION OF HYDROLASE ACTIVITY	0.0011751446939865231	0.014399572512918757	-1
CAP-DEPENDENT TRANSLATION INITIATION%REACTOME%R-HSA-72737.1	CAP-DEPENDENT TRANSLATION INITIATION	9.83661873013677e-4	0.012576525680670981	-1
EUKARYOTIC TRANSLATION INITIATION%REACTOME%R-HSA-72613.1	EUKARYOTIC TRANSLATION INITIATION	9.83661873013677e-4	0.012576525680670981	-1
REGULATION OF UBIQUITIN-PROTEIN LIGASE ACTIVITY INVOLVED IN MITOTIC CELL CYCLE%GOBP%GO:0051439	REGULATION OF UBIQUITIN-PROTEIN LIGASE ACTIVITY INVOLVED IN MITOTIC CELL CYCLE	0.003835653448409969	0.026977684721203134	-1
POSITIVE REGULATION OF PROTEIN UBIQUITINATION INVOLVED IN UBIQUITIN-DEPENDENT PROTEIN CATABOLIC PROCESS%GOBP%GO:2000060	POSITIVE REGULATION OF PROTEIN UBIQUITINATION INVOLVED IN UBIQUITIN-DEPENDENT PROTEIN CATABOLIC PROCESS	0.003840441794112368	0.026977684721203134	-1
INFLAMMATION MEDIATED BY CHEMOKINE AND CYTOKINE SIGNALING PATHWAY%PANTHER PATHWAY%P00031	INFLAMMATION MEDIATED BY CHEMOKINE AND CYTOKINE SIGNALING PATHWAY	9.877776130681275e-4	0.012576525680670981	-1
WNT SIGNALING PATHWAY%GOBP%GO:0016055	WNT SIGNALING PATHWAY	5.352311927180553e-4	0.008296083487129858	-1
POSITIVE REGULATION OF UBIQUITIN-PROTEIN TRANSFERASE ACTIVITY%GOBP%GO:0051443	POSITIVE REGULATION OF UBIQUITIN-PROTEIN TRANSFERASE ACTIVITY	0.0027736925597185904	0.022556926613563358	-1
CARBOHYDRATE CATABOLIC PROCESS%GOBP%GO:0016052	CARBOHYDRATE CATABOLIC PROCESS	0.004478871982391714	0.029845193677058804	-1
NUCLEOTIDE METABOLIC PROCESS%GOBP%GO:0009117	NUCLEOTIDE METABOLIC PROCESS	4.598730628608597e-5	0.0013115579752791717	-1
ENERGY DERIVATION BY OXIDATION OF ORGANIC COMPOUNDS%GOBP%GO:0015980	ENERGY DERIVATION BY OXIDATION OF ORGANIC COMPOUNDS	9.288299525167709e-4	0.012232905926639894	-1
REGULATION OF CANONICAL WNT SIGNALING PATHWAY%GOBP%GO:0060828	REGULATION OF CANONICAL WNT SIGNALING PATHWAY	0.0015990737380373516	0.01653319986870253	-1
REGULATION OF BINDING%GOBP%GO:0051098	REGULATION OF BINDING	0.001064495880978353	0.013315536195395888	-1
RESPONSE TO REACTIVE OXYGEN SPECIES%GOBP%GO:0000302	RESPONSE TO REACTIVE OXYGEN SPECIES	0.0037870526590592446	0.02686734871551484	-1
PROTEIN TARGETING%GOBP%GO:0006605	PROTEIN TARGETING	6.398242047261568e-5	0.0016896098443324068	-1
C-MYB TRANSCRIPTION FACTOR NETWORK%PATHWAY INTERACTION DATABASE NCI-NATURE CURATED DATA%C-MYB TRANSCRIPTION FACTOR NETWORK	C-MYB TRANSCRIPTION FACTOR NETWORK	0.004945709560806322	0.031206114308450512	-1
REGULATION OF PROTEIN UBIQUITINATION INVOLVED IN UBIQUITIN-DEPENDENT PROTEIN CATABOLIC PROCESS%GOBP%GO:2000058	REGULATION OF PROTEIN UBIQUITINATION INVOLVED IN UBIQUITIN-DEPENDENT PROTEIN CATABOLIC PROCESS	0.0034946936535203105	0.02583664118976305	-1
AMINO ACID AND DERIVATIVE METABOLISM%REACTOME%R-HSA-71291.3	AMINO ACID AND DERIVATIVE METABOLISM	1.3574420746560194e-4	0.003226187330765806	-1
ANTIGEN PROCESSING-CROSS PRESENTATION%REACTOME DATABASE ID RELEASE 56%1236975	ANTIGEN PROCESSING-CROSS PRESENTATION	0.0035694457538696955	0.025969539005194827	-1
BETA-CATENIN INDEPENDENT WNT SIGNALING%REACTOME DATABASE ID RELEASE 56%3858494	BETA-CATENIN INDEPENDENT WNT SIGNALING	0.0015849478039010325	0.01653319986870253	-1
ANTIGEN PROCESSING AND PRESENTATION OF PEPTIDE ANTIGEN VIA MHC CLASS I%GOBP%GO:0002474	ANTIGEN PROCESSING AND PRESENTATION OF PEPTIDE ANTIGEN VIA MHC CLASS I	0.004410873635317654	0.02966936699982535	-1
SIGNALING BY RHO GTPASES%REACTOME%R-HSA-194315.1	SIGNALING BY RHO GTPASES	5.31715085458051e-5	0.0014657078056273013	-1
ESTABLISHMENT OF PROTEIN LOCALIZATION TO MEMBRANE%GOBP%GO:0090150	ESTABLISHMENT OF PROTEIN LOCALIZATION TO MEMBRANE	1.9228115220216687e-4	0.004352268619687142	-1
POSITIVE REGULATION OF LIGASE ACTIVITY%GOBP%GO:0051351	POSITIVE REGULATION OF LIGASE ACTIVITY	0.004521307923989496	0.029849005090782504	-1
PHAGOCYTOSIS%GOBP%GO:0006909	PHAGOCYTOSIS	0.0037125248030754425	0.026534459725382546	-1
VIRAL GENE EXPRESSION%GOBP%GO:0019080	VIRAL GENE EXPRESSION	0.0016782457044509265	0.017094131246764437	-1
PROTEIN COMPLEX DISASSEMBLY%GOBP%GO:0043241	PROTEIN COMPLEX DISASSEMBLY	0.0016127118935856447	0.01654479971405129	-1
MAJOR PATHWAY OF RRNA PROCESSING IN THE NUCLEOLUS%REACTOME DATABASE ID RELEASE 56%6791226	MAJOR PATHWAY OF RRNA PROCESSING IN THE NUCLEOLUS	8.316245314156546e-4	0.01151355904658955	-1
NON-CANONICAL WNT SIGNALING PATHWAY%GOBP%GO:0035567	NON-CANONICAL WNT SIGNALING PATHWAY	0.004023901905166907	0.02745494792711966	-1
DOWNSTREAM TCR SIGNALING%REACTOME DATABASE ID RELEASE 56%202424	DOWNSTREAM TCR SIGNALING	0.004521307923989496	0.029849005090782504	-1
FC RECEPTOR SIGNALING PATHWAY%GOBP%GO:0038093	FC RECEPTOR SIGNALING PATHWAY	6.439189942738967e-4	0.009466273049840997	-1
INFLAMMATORY RESPONSE%GOBP%GO:0006954	INFLAMMATORY RESPONSE	0.0012744391607885975	0.015094257985482806	-1
MULTI-ORGANISM METABOLIC PROCESS%GOBP%GO:0044033	MULTI-ORGANISM METABOLIC PROCESS	0.001424631596723078	0.01587128638224304	-1
MITOTIC ANAPHASE%REACTOME DATABASE ID RELEASE 56%68882	MITOTIC ANAPHASE	0.0020323629326229596	0.018735066912309455	-1
REGULATION OF CELL CYCLE PHASE TRANSITION%GOBP%GO:1901987	REGULATION OF CELL CYCLE PHASE TRANSITION	4.174145577576053e-4	0.007086109040027918	-1
NEGATIVE REGULATION OF MOLECULAR FUNCTION%GOBP%GO:0044092	NEGATIVE REGULATION OF MOLECULAR FUNCTION	1.5604808288711873e-5	5.427428443830032e-4	-1
MITOTIC METAPHASE AND ANAPHASE%REACTOME%R-HSA-2555396.1	MITOTIC METAPHASE AND ANAPHASE	0.001827799345675025	0.018226866202325772	-1
REGULATION OF MITOTIC CELL CYCLE%GOBP%GO:0007346	REGULATION OF MITOTIC CELL CYCLE	0.00026715049099133907	0.00529106389102291	-1
ANTIGEN PROCESSING AND PRESENTATION OF EXOGENOUS PEPTIDE ANTIGEN%GOBP%GO:0002478	ANTIGEN PROCESSING AND PRESENTATION OF EXOGENOUS PEPTIDE ANTIGEN	0.003019158576946829	0.023398478971337924	-1
CELLULAR RESPIRATION%GOBP%GO:0045333	CELLULAR RESPIRATION	0.0047904456855146155	0.030763830982438196	-1
SULFUR COMPOUND METABOLIC PROCESS%GOBP%GO:0006790	SULFUR COMPOUND METABOLIC PROCESS	0.001766963539047451	0.01787014189135933	-1
VIRAL PROCESS%GOBP%GO:0016032	VIRAL PROCESS	6.384154131262565e-4	0.009466273049840997	-1
CELLULAR HOMEOSTASIS%GOBP%GO:0019725	CELLULAR HOMEOSTASIS	5.939462042171854e-4	0.009010290289507514	-1
REGULATION OF MITOTIC CELL CYCLE PHASE TRANSITION%GOBP%GO:1901990	REGULATION OF MITOTIC CELL CYCLE PHASE TRANSITION	0.0010509290926360869	0.013262167133619999	-1
PROTEIN LOCALIZATION TO MEMBRANE%GOBP%GO:0072657	PROTEIN LOCALIZATION TO MEMBRANE	7.536804239472709e-4	0.010641072124245627	-1
IMMUNE RESPONSE-ACTIVATING CELL SURFACE RECEPTOR SIGNALING PATHWAY%GOBP%GO:0002429	IMMUNE RESPONSE-ACTIVATING CELL SURFACE RECEPTOR SIGNALING PATHWAY	5.70189459671168e-4	0.008742905048291243	-1
ANTIGEN PROCESSING AND PRESENTATION OF PEPTIDE ANTIGEN%GOBP%GO:0048002	ANTIGEN PROCESSING AND PRESENTATION OF PEPTIDE ANTIGEN	0.0021246356925421622	0.018988887120171268	-1
INTERLEUKIN-2 SIGNALING%REACTOME%R-HSA-451927.1	INTERLEUKIN-2 SIGNALING	0.0021200665835259427	0.018988887120171268	-1
B CELL ACTIVATION%REACTOME DATABASE ID RELEASE 56%983705	B CELL ACTIVATION	0.0015312981542919958	0.01653319986870253	-1
VIRAL LIFE CYCLE%GOBP%GO:0019058	VIRAL LIFE CYCLE	0.0012996478474855148	0.015094257985482806	-1
ESTABLISHMENT OF PROTEIN LOCALIZATION TO ORGANELLE%GOBP%GO:0072594	ESTABLISHMENT OF PROTEIN LOCALIZATION TO ORGANELLE	7.43828533470579e-4	0.010606994887290456	-1
INTERSPECIES INTERACTION BETWEEN ORGANISMS%GOBP%GO:0044419	INTERSPECIES INTERACTION BETWEEN ORGANISMS	8.719032349301073e-4	0.011642229700353446	-1
SYMBIOSIS, ENCOMPASSING MUTUALISM THROUGH PARASITISM%GOBP%GO:0044403	SYMBIOSIS, ENCOMPASSING MUTUALISM THROUGH PARASITISM	8.719032349301073e-4	0.011642229700353446	-1
MULTI-ORGANISM CELLULAR PROCESS%GOBP%GO:0044764	MULTI-ORGANISM CELLULAR PROCESS	0.0012886430189654968	0.015094257985482806	-1
CELL CYCLE, MITOTIC%REACTOME DATABASE ID RELEASE 56%69278	CELL CYCLE, MITOTIC	2.3791883608645703e-4	0.0049169892791201125	-1
POSITIVE REGULATION OF PROTEOLYSIS INVOLVED IN CELLULAR PROTEIN CATABOLIC PROCESS%GOBP%GO:1903052	POSITIVE REGULATION OF PROTEOLYSIS INVOLVED IN CELLULAR PROTEIN CATABOLIC PROCESS	0.0027678654745090974	0.022556926613563358	-1
POSITIVE REGULATION OF CELLULAR PROTEIN CATABOLIC PROCESS%GOBP%GO:1903364	POSITIVE REGULATION OF CELLULAR PROTEIN CATABOLIC PROCESS	0.003533061032260726	0.02583664118976305	-1
REGULATION OF IMMUNE RESPONSE%GOBP%GO:0050776	REGULATION OF IMMUNE RESPONSE	3.0683538240985816e-5	9.115567819092869e-4	-1
RRNA PROCESSING%REACTOME%R-HSA-72312.1	RRNA PROCESSING	0.003091043304969372	0.023697998671431852	-1
CELLULAR AMIDE METABOLIC PROCESS%GOBP%GO:0043603	CELLULAR AMIDE METABOLIC PROCESS	7.860657273495546e-5	0.0019326374606904566	-1
RRNA PROCESSING%GOBP%GO:0006364	RRNA PROCESSING	0.0015414383326960053	0.01653319986870253	-1
HIV INFECTION%REACTOME DATABASE ID RELEASE 56%162906	HIV INFECTION	0.0034296179235405585	0.025805799838369954	-1
SIGNALING BY VEGF%REACTOME%R-HSA-194138.1	SIGNALING BY VEGF	0.0027562844474191012	0.022556926613563358	-1
RIBOSOME BIOGENESIS%GOBP%GO:0042254	RIBOSOME BIOGENESIS	0.0023033378814755635	0.02002780377429362	-1
IMMUNE RESPONSE-REGULATING CELL SURFACE RECEPTOR SIGNALING PATHWAY%GOBP%GO:0002768	IMMUNE RESPONSE-REGULATING CELL SURFACE RECEPTOR SIGNALING PATHWAY	0.0020364346805352754	0.018735066912309455	-1
REGULATION OF PROTEOLYSIS INVOLVED IN CELLULAR PROTEIN CATABOLIC PROCESS%GOBP%GO:1903050	REGULATION OF PROTEOLYSIS INVOLVED IN CELLULAR PROTEIN CATABOLIC PROCESS	0.004619553339146859	0.030210969343423506	-1
MACROMOLECULAR COMPLEX DISASSEMBLY%GOBP%GO:0032984	MACROMOLECULAR COMPLEX DISASSEMBLY	0.0039176118554272756	0.027119002455530557	-1
REGULATION OF PROTEOLYSIS%GOBP%GO:0030162	REGULATION OF PROTEOLYSIS	3.8411429137324244e-4	0.006599361198774021	-1
REGULATION OF CELLULAR PROTEIN CATABOLIC PROCESS%GOBP%GO:1903362	REGULATION OF CELLULAR PROTEIN CATABOLIC PROCESS	0.0019645728909919733	0.018735066912309455	-1
REGULATION OF PROTEIN CATABOLIC PROCESS%GOBP%GO:0042176	REGULATION OF PROTEIN CATABOLIC PROCESS	0.0015999870840679865	0.01653319986870253	-1
NEGATIVE REGULATION OF CATALYTIC ACTIVITY%GOBP%GO:0043086	NEGATIVE REGULATION OF CATALYTIC ACTIVITY	7.436130997580459e-4	0.010606994887290456	-1
VEGFA-VEGFR2 PATHWAY%REACTOME%R-HSA-4420097.1	VEGFA-VEGFR2 PATHWAY	0.0020626967077367353	0.018735066912309455	-1
INTERLEUKIN RECEPTOR SHC SIGNALING%REACTOME%R-HSA-912526.2	INTERLEUKIN RECEPTOR SHC SIGNALING	0.0039963571660955625	0.027398102494482077	-1
SIGNALLING TO P38 VIA RIT AND RIN%REACTOME%R-HSA-187706.1	SIGNALLING TO P38 VIA RIT AND RIN	0.004832467138896322	0.030763830982438196	-1
ACTIVATION OF IMMUNE RESPONSE%GOBP%GO:0002253	ACTIVATION OF IMMUNE RESPONSE	0.001330846037284934	0.015094257985482806	-1
DEVELOPMENTAL BIOLOGY%REACTOME%R-HSA-1266738.2	DEVELOPMENTAL BIOLOGY	3.119396717241114e-4	0.005741335389514338	-1
RRNA METABOLIC PROCESS%GOBP%GO:0016072	RRNA METABOLIC PROCESS	0.003721523103139207	0.026534459725382546	-1
AXON GUIDANCE%REACTOME DATABASE ID RELEASE 56%422475	AXON GUIDANCE	0.001319643995213685	0.015094257985482806	-1
SIGNALING BY SCF-KIT%REACTOME DATABASE ID RELEASE 56%1433557	SIGNALING BY SCF-KIT	0.003611138943300332	0.026139513366224734	-1
POSITIVE REGULATION OF IMMUNE RESPONSE%GOBP%GO:0050778	POSITIVE REGULATION OF IMMUNE RESPONSE	0.0013337142399514961	0.015094257985482806	-1
IMMUNE RESPONSE-ACTIVATING SIGNAL TRANSDUCTION%GOBP%GO:0002757	IMMUNE RESPONSE-ACTIVATING SIGNAL TRANSDUCTION	0.0020185517951682407	0.018735066912309455	-1
NEGATIVE REGULATION OF TRANSFERASE ACTIVITY%GOBP%GO:0051348	NEGATIVE REGULATION OF TRANSFERASE ACTIVITY	0.0035030753508784947	0.02583664118976305	-1
DISEASES OF SIGNAL TRANSDUCTION%REACTOME DATABASE ID RELEASE 56%5663202	DISEASES OF SIGNAL TRANSDUCTION	0.004690608000438441	0.030403668221023708	-1
PROTEIN LOCALIZATION TO ORGANELLE%GOBP%GO:0033365	PROTEIN LOCALIZATION TO ORGANELLE	0.0017837767009966834	0.01791313785648782	-1
EGFR1%IOB%EGFR1	EGFR1	9.350538190769625e-4	0.012232905926639894	-1
IMMUNE RESPONSE-REGULATING SIGNALING PATHWAY%GOBP%GO:0002764	IMMUNE RESPONSE-REGULATING SIGNALING PATHWAY	0.003090787092779269	0.023697998671431852	-1
ORGANONITROGEN COMPOUND METABOLIC PROCESS%GOBP%GO:1901564	ORGANONITROGEN COMPOUND METABOLIC PROCESS	5.2816970688954135e-6	2.4295806516918902e-4	-1
POSITIVE REGULATION OF SIGNAL TRANSDUCTION%GOBP%GO:0009967	POSITIVE REGULATION OF SIGNAL TRANSDUCTION	6.974832726018658e-5	0.0017569336024670925	-1
DAP12 INTERACTIONS%REACTOME DATABASE ID RELEASE 56%2172127	DAP12 INTERACTIONS	0.0039963571660955625	0.027398102494482077	-1
NGF SIGNALLING VIA TRKA FROM THE PLASMA MEMBRANE%REACTOME%R-HSA-187037.1	NGF SIGNALLING VIA TRKA FROM THE PLASMA MEMBRANE	0.0036420033787131554	0.02622978190931798	-1
POSITIVE REGULATION OF SIGNALING%GOBP%GO:0023056	POSITIVE REGULATION OF SIGNALING	1.3824317987391798e-4	0.0032317176147574926	-1
RIBONUCLEOPROTEIN COMPLEX BIOGENESIS%GOBP%GO:0022613	RIBONUCLEOPROTEIN COMPLEX BIOGENESIS	0.0027336234885103005	0.022556926613563358	-1
AMIDE BIOSYNTHETIC PROCESS%GOBP%GO:0043604	AMIDE BIOSYNTHETIC PROCESS	0.0026880758955770785	0.022548213100546555	-1
DEFENSE RESPONSE%GOBP%GO:0006952	DEFENSE RESPONSE	6.071811112913498e-4	0.009114108049489103	-1
REGULATION OF CELLULAR CATABOLIC PROCESS%GOBP%GO:0031329	REGULATION OF CELLULAR CATABOLIC PROCESS	0.002027347227826926	0.018735066912309455	-1
POSITIVE REGULATION OF CELL COMMUNICATION%GOBP%GO:0010647	POSITIVE REGULATION OF CELL COMMUNICATION	2.5136074609876887e-4	0.005048456675166822	-1
POSITIVE REGULATION OF INTRACELLULAR SIGNAL TRANSDUCTION%GOBP%GO:1902533	POSITIVE REGULATION OF INTRACELLULAR SIGNAL TRANSDUCTION	0.0027840246030765435	0.022556926613563358	-1
ORGANONITROGEN COMPOUND BIOSYNTHETIC PROCESS%GOBP%GO:1901566	ORGANONITROGEN COMPOUND BIOSYNTHETIC PROCESS	3.0482650322503224e-4	0.005719507810511789	-1
HOMEOSTATIC PROCESS%GOBP%GO:0042592	HOMEOSTATIC PROCESS	0.0015047533497139253	0.01653319986870253	-1
REGULATION OF CATABOLIC PROCESS%GOBP%GO:0009894	REGULATION OF CATABOLIC PROCESS	0.0019100014217977516	0.018735066912309455	-1
PEPTIDE METABOLIC PROCESS%GOBP%GO:0006518	PEPTIDE METABOLIC PROCESS	0.002328211940670764	0.020121395317554604	-1
ORGANOPHOSPHATE METABOLIC PROCESS%GOBP%GO:0019637	ORGANOPHOSPHATE METABOLIC PROCESS	0.0028641390562311533	0.02290964059413918	-1
PEPTIDE BIOSYNTHETIC PROCESS%GOBP%GO:0043043	PEPTIDE BIOSYNTHETIC PROCESS	0.004639693047832923	0.030210969343423506	-1
POSITIVE REGULATION OF TRANSFERASE ACTIVITY%GOBP%GO:0051347	POSITIVE REGULATION OF TRANSFERASE ACTIVITY	0.0043739476119238375	0.029560423197172475	-1
METABOLISM OF PROTEINS%REACTOME%R-HSA-392499.2	METABOLISM OF PROTEINS	3.1404218820625413e-4	0.005741335389514338	-1
IMMUNE RESPONSE%GOBP%GO:0006955	IMMUNE RESPONSE	0.002000474824419574	0.018735066912309455	-1
POSITIVE REGULATION OF IMMUNE SYSTEM PROCESS%GOBP%GO:0002684	POSITIVE REGULATION OF IMMUNE SYSTEM PROCESS	0.0035088483513144135	0.02583664118976305	-1
REGULATION OF TRANSFERASE ACTIVITY%GOBP%GO:0051338	REGULATION OF TRANSFERASE ACTIVITY	0.0020496297216618543	0.018735066912309455	-1
POSITIVE REGULATION OF RESPONSE TO STIMULUS%GOBP%GO:0048584	POSITIVE REGULATION OF RESPONSE TO STIMULUS	4.663057852231036e-4	0.007822965290919361	-1
INNATE IMMUNE SYSTEM%REACTOME%R-HSA-168249.2	INNATE IMMUNE SYSTEM	0.004557576749574338	0.029949790068631365	-1
IMMUNE SYSTEM PROCESS%GOBP%GO:0002376	IMMUNE SYSTEM PROCESS	2.0589630387778804e-4	0.004587627020776965	-1
REGULATION OF CATALYTIC ACTIVITY%GOBP%GO:0050790	REGULATION OF CATALYTIC ACTIVITY	3.791282036540854e-4	0.006593131931838119	-1
POSITIVE REGULATION OF CATALYTIC ACTIVITY%GOBP%GO:0043085	POSITIVE REGULATION OF CATALYTIC ACTIVITY	0.004857781426143222	0.030787539171912154	-1
REGULATION OF MOLECULAR FUNCTION%GOBP%GO:0065009	REGULATION OF MOLECULAR FUNCTION	3.748565045365866e-4	0.006593131931838119	-1
REGULATION OF IMMUNE SYSTEM PROCESS%GOBP%GO:0002682	REGULATION OF IMMUNE SYSTEM PROCESS	0.0015995752743217012	0.01653319986870253	-1
CELL SURFACE RECEPTOR SIGNALING PATHWAY%GOBP%GO:0007166	CELL SURFACE RECEPTOR SIGNALING PATHWAY	8.505389296526589e-4	0.011642229700353446	-1
CELLULAR CATABOLIC PROCESS%GOBP%GO:0044248	CELLULAR CATABOLIC PROCESS	0.0033717677375773845	0.025575216988219948	-1
CELLULAR RESPONSE TO CHEMICAL STIMULUS%GOBP%GO:0070887	CELLULAR RESPONSE TO CHEMICAL STIMULUS	0.0035170197554428794	0.02583664118976305	-1
REGULATION OF INTRACELLULAR SIGNAL TRANSDUCTION%GOBP%GO:1902531	REGULATION OF INTRACELLULAR SIGNAL TRANSDUCTION	0.004260600816804641	0.028931508403635325	-1
CELLULAR NITROGEN COMPOUND BIOSYNTHETIC PROCESS%GOBP%GO:0044271	CELLULAR NITROGEN COMPOUND BIOSYNTHETIC PROCESS	0.004459550171928804	0.029845193677058804	-1
